,open,high,low,close,volume,adj_high,adj_low,adj_close,adj_open,adj_volume,split_factor,dividend,symbol,exchange,date
0,179.86,187.33,179.25,185.85,102551680.0,187.33,179.25,185.85,179.86,102551680.0,1.0,0.0,AAPL,XNAS,2024-02-02
1,403.81,412.65,403.56,411.22,28256670.0,412.65,403.56,411.22,403.81,28256670.0,1.0,0.0,MSFT,XNAS,2024-02-02
2,183.985,186.95,183.82,186.86,64885406.0,186.95,183.82,186.86,183.985,64885408.0,1.0,0.0,AAPL,XNAS,2024-02-01
3,401.83,408.0,401.8,403.78,30657730.0,408.0,401.8,403.78,401.83,30657726.0,1.0,0.0,MSFT,XNAS,2024-02-01
4,187.04,187.095,184.35,184.4,55467801.0,187.095,184.35,184.4,187.04,55467803.0,1.0,0.0,AAPL,XNAS,2024-01-31
5,406.96,415.32,397.21,397.58,47871102.0,415.32,397.21,397.58,406.96,47871097.0,1.0,0.0,MSFT,XNAS,2024-01-31
6,190.94,191.8,187.47,188.04,55859367.0,191.8,187.47,188.04,190.94,55859370.0,1.0,0.0,AAPL,XNAS,2024-01-30
7,412.26,413.05,406.4501,408.59,33477609.0,413.05,406.4501,408.59,412.26,33477610.0,1.0,0.0,MSFT,XNAS,2024-01-30
8,192.01,192.2,189.58,191.73,47145621.0,192.2,189.58,191.73,192.01,47145622.0,1.0,0.0,AAPL,XNAS,2024-01-29
9,406.06,409.98,404.33,409.72,24510240.0,409.98,404.33,409.72,406.06,24510236.0,1.0,0.0,MSFT,XNAS,2024-01-29
10,194.27,194.76,191.94,192.42,44594000.0,194.76,191.94,192.42,194.27,44594011.0,1.0,0.0,AAPL,XNAS,2024-01-26
11,404.37,406.17,402.43,403.93,17803270.0,406.17,402.43,403.93,404.37,17803271.0,1.0,0.0,MSFT,XNAS,2024-01-26
12,195.22,196.27,193.11,194.17,54822100.0,196.2675,193.1125,194.17,195.22,54822126.0,1.0,0.0,AAPL,XNAS,2024-01-25
13,404.32,407.01,402.5294,404.87,21021160.0,407.01,402.5294,404.87,404.32,21021155.0,1.0,0.0,MSFT,XNAS,2024-01-25
14,195.42,196.38,194.34,194.5,53631300.0,196.38,194.34,194.5,195.42,53463269.0,1.0,0.0,AAPL,XNAS,2024-01-24
15,401.54,405.63,400.45,402.56,24866949.0,405.63,400.45,402.56,401.54,23281889.0,1.0,0.0,MSFT,XNAS,2024-01-24
16,195.02,195.75,193.83,195.18,42355600.0,195.75,193.8299,195.18,195.02,42355590.0,1.0,0.0,AAPL,XNAS,2024-01-23
17,395.75,399.38,393.93,398.9,20525881.0,399.38,393.93,398.9,395.75,20525882.0,1.0,0.0,MSFT,XNAS,2024-01-23
18,192.3,195.33,192.26,193.89,60133900.0,195.33,192.26,193.89,192.3,60133852.0,1.0,0.0,AAPL,XNAS,2024-01-22
19,400.02,400.62,393.59,396.51,27016900.0,400.62,393.59,396.51,400.02,27016902.0,1.0,0.0,MSFT,XNAS,2024-01-22
20,189.33,191.95,188.82,191.56,68741000.0,191.95,188.82,191.56,189.33,68902985.0,1.0,0.0,AAPL,XNAS,2024-01-19
21,395.76,398.67,393.5,398.67,29331141.0,398.67,393.5,398.67,395.76,29331136.0,1.0,0.0,MSFT,XNAS,2024-01-19
22,186.09,189.14,185.83,188.63,78005800.0,189.14,185.83,188.63,186.09,78005754.0,1.0,0.0,AAPL,XNAS,2024-01-18
23,391.72,393.99,390.12,393.87,23392070.0,393.99,390.12,393.87,391.72,23392068.0,1.0,0.0,MSFT,XNAS,2024-01-18
24,181.27,182.93,180.3,182.68,47317400.0,182.93,180.3,182.68,181.27,47317433.0,1.0,0.0,AAPL,XNAS,2024-01-17
25,387.98,390.11,384.81,389.47,22234109.0,390.11,384.81,389.47,387.98,22234108.0,1.0,0.0,MSFT,XNAS,2024-01-17
26,182.16,184.26,180.93,183.63,65603000.0,184.26,180.934,183.63,182.16,65603041.0,1.0,0.0,AAPL,XNAS,2024-01-16
27,393.66,394.03,387.6229,390.27,27202270.0,394.03,387.6229,390.27,393.66,27202268.0,1.0,0.0,MSFT,XNAS,2024-01-16
28,186.06,186.74,185.19,185.92,40444700.0,186.74,185.19,185.92,186.06,40477782.0,1.0,0.0,AAPL,XNAS,2024-01-12
29,385.49,388.68,384.65,388.47,21661150.0,388.68,384.65,388.47,385.49,21661153.0,1.0,0.0,MSFT,XNAS,2024-01-12
30,186.54,187.05,183.62,185.59,49128400.0,187.05,183.62,185.59,186.54,49128408.0,1.0,0.0,AAPL,XNAS,2024-01-11
31,386.0,390.68,380.38,384.63,27850850.0,390.68,380.38,384.63,386.0,27850846.0,1.0,0.0,MSFT,XNAS,2024-01-11
32,184.35,186.4,183.92,186.19,46792900.0,186.4,183.92,186.19,184.35,46792908.0,1.0,0.0,AAPL,XNAS,2024-01-10
33,376.37,384.17,376.32,382.77,25514250.0,384.17,376.32,382.77,376.37,25514245.0,1.0,0.0,MSFT,XNAS,2024-01-10
34,183.92,185.15,182.73,185.14,42841800.0,185.15,182.73,185.14,183.92,42841809.0,1.0,0.0,AAPL,XNAS,2024-01-09
35,372.01,375.99,371.19,375.79,20829949.0,375.99,371.19,375.79,372.01,20829953.0,1.0,0.0,MSFT,XNAS,2024-01-09
36,182.09,185.6,181.5,185.56,59144500.0,185.6,181.5,185.56,182.085,59144470.0,1.0,0.0,AAPL,XNAS,2024-01-08
37,369.3,375.2,369.01,374.69,23133971.0,375.2,369.01,374.69,369.3,23133967.0,1.0,0.0,MSFT,XNAS,2024-01-08
38,181.99,182.76,180.17,181.18,62303300.0,182.76,180.17,181.18,181.99,62196924.0,1.0,0.0,AAPL,XNAS,2024-01-05
39,368.97,372.06,366.5,367.75,21004580.0,372.06,366.5,367.75,368.97,20074451.0,1.0,0.0,MSFT,XNAS,2024-01-05
40,182.15,183.09,180.88,181.91,71983600.0,183.0872,180.88,181.91,182.15,71983570.0,1.0,0.0,AAPL,XNAS,2024-01-04
41,370.665,373.1,367.17,367.94,20901500.0,373.1,367.17,367.94,370.665,20901502.0,1.0,0.0,MSFT,XNAS,2024-01-04
42,184.22,185.88,183.43,184.25,58414500.0,185.88,183.43,184.25,184.22,58414460.0,1.0,0.0,AAPL,XNAS,2024-01-03
43,369.01,373.2562,368.51,370.6,23083471.0,373.2562,368.51,370.6,369.01,23083465.0,1.0,0.0,MSFT,XNAS,2024-01-03
44,187.15,188.44,183.89,185.64,82488700.0,188.44,183.885,185.64,187.15,82488674.0,1.0,0.0,AAPL,XNAS,2024-01-02
45,373.86,375.9,366.771,370.87,25258631.0,375.9,366.771,370.87,373.86,25258633.0,1.0,0.0,MSFT,XNAS,2024-01-02
46,193.9,194.4,191.73,192.53,42628800.0,194.4,191.725,192.53,193.9,42672148.0,1.0,0.0,AAPL,XNAS,2023-12-29
47,376.0,377.16,373.48,376.04,18730840.0,377.16,373.48,376.04,376.0,18730838.0,1.0,0.0,MSFT,XNAS,2023-12-29
48,194.14,194.66,193.17,193.58,34049900.0,194.66,193.17,193.58,194.14,34049898.0,1.0,0.0,AAPL,XNAS,2023-12-28
49,375.37,376.458,374.16,375.28,14327010.0,376.458,374.16,375.28,375.37,14327013.0,1.0,0.0,MSFT,XNAS,2023-12-28
50,192.49,193.5,191.09,193.15,48087700.0,193.5,191.09,193.15,192.49,47899806.0,1.0,0.0,AAPL,XNAS,2023-12-27
51,373.69,375.06,372.8116,374.07,14905410.0,375.06,372.8116,374.07,373.69,14872756.0,1.0,0.0,MSFT,XNAS,2023-12-27
52,193.61,193.89,192.83,193.05,28919300.0,193.89,192.83,193.05,193.61,28919310.0,1.0,0.0,AAPL,XNAS,2023-12-26
53,375.0,376.94,373.5,374.66,12673050.0,376.94,373.5,374.66,375.0,12673050.0,1.0,0.0,MSFT,XNAS,2023-12-26
54,195.18,195.41,192.97,193.6,37122800.0,195.41,192.97,193.6,195.18,37149570.0,1.0,0.0,AAPL,XNAS,2023-12-22
55,373.68,375.18,372.71,374.58,17107480.0,375.18,372.71,374.58,373.68,17107484.0,1.0,0.0,MSFT,XNAS,2023-12-22
56,196.1,197.08,193.5,194.68,46482500.0,197.08,193.5,194.68,196.1,46482549.0,1.0,0.0,AAPL,XNAS,2023-12-21
57,372.56,374.41,370.04,373.54,17708010.0,374.41,370.04,373.54,372.56,17708006.0,1.0,0.0,MSFT,XNAS,2023-12-21
58,196.9,197.68,194.83,194.83,52242800.0,197.68,194.83,194.83,196.9,52242815.0,1.0,0.0,AAPL,XNAS,2023-12-20
59,375.0,376.03,370.53,370.62,26316650.0,376.03,370.53,370.62,375.0,26316650.0,1.0,0.0,MSFT,XNAS,2023-12-20
60,196.16,196.95,195.89,196.94,40714100.0,196.95,195.89,196.94,196.16,40233138.0,1.0,0.0,AAPL,XNAS,2023-12-19
61,371.49,373.26,369.84,373.26,20603660.0,373.26,369.84,373.26,371.49,20533284.0,1.0,0.0,MSFT,XNAS,2023-12-19
62,196.09,196.63,194.39,195.89,55751900.0,196.63,194.39,195.89,196.09,55751861.0,1.0,0.0,AAPL,XNAS,2023-12-18
63,369.45,373.0,368.68,372.65,21802881.0,373.0,368.68,372.65,369.45,21802878.0,1.0,0.0,MSFT,XNAS,2023-12-18
64,197.53,198.4,197.0,197.57,128256700.0,198.3999,197.0,197.57,197.53,128538401.0,1.0,0.0,AAPL,XNAS,2023-12-15
65,366.85,372.4,366.28,370.73,78502320.0,372.4,366.28,370.73,366.85,78502324.0,1.0,0.0,MSFT,XNAS,2023-12-15
66,198.02,199.62,196.16,198.11,66831600.0,199.62,196.16,198.11,198.02,66831572.0,1.0,0.0,AAPL,XNAS,2023-12-14
67,373.31,373.76,364.13,365.93,43277461.0,373.76,364.13,365.93,373.31,43277461.0,1.0,0.0,MSFT,XNAS,2023-12-14
68,195.09,198.0,194.85,197.96,70404200.0,198.0,194.85,197.96,195.09,70404183.0,1.0,0.0,AAPL,XNAS,2023-12-13
69,376.02,377.6361,370.77,374.37,30955529.0,377.6361,370.77,374.37,376.02,30955531.0,1.0,0.0,MSFT,XNAS,2023-12-13
70,193.08,194.72,191.72,194.71,52696900.0,194.72,191.721,194.71,193.08,52696900.0,1.0,0.0,AAPL,XNAS,2023-12-12
71,370.85,374.42,370.46,374.38,24838250.0,374.42,370.46,374.38,370.85,24838253.0,1.0,0.0,MSFT,XNAS,2023-12-12
72,193.11,193.49,191.42,193.18,60943700.0,193.49,191.42,193.18,193.11,60943699.0,1.0,0.0,AAPL,XNAS,2023-12-11
73,368.48,371.6,366.1,371.3,27708760.0,371.6,366.1,371.3,368.48,27708757.0,1.0,0.0,MSFT,XNAS,2023-12-11
74,194.2,195.99,193.67,195.71,53377300.0,195.99,193.67,195.71,194.2,53406358.0,1.0,0.0,AAPL,XNAS,2023-12-08
75,369.2,374.46,368.23,374.23,20154369.0,374.46,368.23,374.23,369.2,20154366.0,1.0,0.0,MSFT,XNAS,2023-12-08
76,193.63,195.0,193.59,194.27,47477700.0,195.0,193.59,194.27,193.63,47477655.0,1.0,0.0,AAPL,XNAS,2023-12-07
77,368.23,371.4527,366.32,370.95,23118859.0,371.4527,366.32,370.95,368.23,23118864.0,1.0,0.0,MSFT,XNAS,2023-12-07
78,194.45,194.76,192.11,192.32,41089700.0,194.76,192.11,192.32,194.45,40895115.0,1.0,0.0,AAPL,XNAS,2023-12-06
79,373.54,374.18,368.03,368.8,21182070.0,374.18,368.03,368.8,373.54,21118348.0,1.0,0.0,MSFT,XNAS,2023-12-06
80,190.21,194.4,190.18,193.42,66628400.0,194.4,190.18,193.42,190.21,66628398.0,1.0,0.0,AAPL,XNAS,2023-12-05
81,366.45,373.075,365.621,372.52,23065039.0,373.075,365.621,372.52,366.45,23065035.0,1.0,0.0,MSFT,XNAS,2023-12-05
82,189.98,190.05,187.45,189.43,43389500.0,190.05,187.4511,189.43,189.98,43389519.0,1.0,0.0,AAPL,XNAS,2023-12-04
83,369.1,369.52,362.9,369.14,32063311.0,369.52,362.9,369.14,369.1,32063305.0,1.0,0.0,MSFT,XNAS,2023-12-04
84,190.33,191.56,189.23,191.24,45679300.0,191.56,189.23,191.24,190.33,45704823.0,1.0,0.0,AAPL,XNAS,2023-12-01
85,376.76,378.16,371.31,374.51,33040469.0,378.16,371.31,374.51,376.76,33040472.0,1.0,0.0,MSFT,XNAS,2023-12-01
86,189.84,190.32,188.19,189.95,48794400.0,190.32,188.19,189.95,189.84,48794366.0,1.0,0.0,AAPL,XNAS,2023-11-30
87,378.49,380.09,375.47,378.91,30554420.0,380.09,375.47,378.91,378.49,30554415.0,1.0,0.0,MSFT,XNAS,2023-11-30
88,190.9,192.09,188.97,189.37,43014200.0,192.09,188.97,189.37,190.9,43014224.0,1.0,0.0,AAPL,XNAS,2023-11-29
89,383.76,384.3,377.44,378.85,28963400.0,384.3,377.44,378.85,383.76,28963399.0,1.0,0.0,MSFT,XNAS,2023-11-29
90,189.78,191.08,189.4,190.4,38415400.0,191.08,189.4,190.4,189.78,38415419.0,1.0,0.0,AAPL,XNAS,2023-11-28
91,378.35,383.0,378.16,382.7,20453109.0,383.0,378.16,382.7,378.35,20453112.0,1.0,0.0,MSFT,XNAS,2023-11-28
92,189.92,190.67,188.9,189.79,40552600.0,190.67,188.9,189.79,189.92,40552609.0,1.0,0.0,AAPL,XNAS,2023-11-27
93,376.78,380.64,376.2,378.61,22179230.0,380.64,376.2,378.61,376.78,22179228.0,1.0,0.0,MSFT,XNAS,2023-11-27
94,190.87,190.9,189.25,189.97,24048300.0,190.9,189.25,189.97,190.87,24048344.0,1.0,0.0,AAPL,XNAS,2023-11-24
95,377.33,377.97,375.135,377.43,10176650.0,377.97,375.135,377.43,377.33,10176649.0,1.0,0.0,MSFT,XNAS,2023-11-24
96,191.49,192.93,190.83,191.31,39617700.0,192.93,190.825,191.31,191.49,39630011.0,1.0,0.0,AAPL,XNAS,2023-11-22
97,378.0,379.7899,374.965,377.85,23361180.0,379.7899,374.965,377.85,378.0,23361184.0,1.0,0.0,MSFT,XNAS,2023-11-22
98,191.41,191.52,189.74,190.64,38134500.0,191.52,189.74,190.64,191.41,38134485.0,1.0,0.0,AAPL,XNAS,2023-11-21
99,375.67,376.2215,371.12,373.07,28423150.0,376.2215,371.12,373.07,375.67,28423145.0,1.0,0.0,MSFT,XNAS,2023-11-21
100,189.89,191.91,189.88,191.45,46505100.0,191.905,189.88,191.45,189.89,46538614.0,1.0,0.0,AAPL,XNAS,2023-11-20
101,371.22,378.87,371.0,377.44,52528961.0,378.87,371.0,377.44,371.22,52528964.0,1.0,0.0,MSFT,XNAS,2023-11-20
102,190.25,190.38,188.57,189.69,50922700.0,190.38,188.57,189.69,190.25,50941404.0,1.0,0.0,AAPL,XNAS,2023-11-17
103,373.61,374.37,367.0,369.85,40325367.0,374.37,367.0,369.85,373.61,40325371.0,1.0,0.0,MSFT,XNAS,2023-11-17
104,189.57,190.96,188.65,189.71,54412900.0,190.96,188.65,189.71,189.57,54412915.0,1.0,0.0,AAPL,XNAS,2023-11-16
105,370.96,376.35,370.18,376.17,27182320.0,376.35,370.18,376.17,370.96,27182315.0,1.0,0.0,MSFT,XNAS,2023-11-16
106,187.85,189.5,187.78,188.01,53790500.0,189.5,187.78,188.01,187.845,53790499.0,1.0,0.0,AAPL,XNAS,2023-11-15
107,371.28,373.13,367.11,369.67,26860100.0,373.13,367.11,369.67,371.28,26860095.0,1.0,0.75,MSFT,XNAS,2023-11-15
108,187.7,188.11,186.3,187.44,60108400.0,188.11,186.3,187.44,187.7,60108378.0,1.0,0.0,AAPL,XNAS,2023-11-14
109,371.01,371.95,367.3454,370.27,27683859.0,371.1969021651,366.6016252308,369.52,370.2588054101,27683862.0,1.0,0.0,MSFT,XNAS,2023-11-14
110,185.82,186.03,184.21,184.8,43627500.0,186.03,184.21,184.8,185.82,43627519.0,1.0,0.0,AAPL,XNAS,2023-11-13
111,368.22,368.47,365.9,366.68,19986510.0,367.7239482209,365.1591517737,365.9373,367.4744544031,19986506.0,1.0,0.0,MSFT,XNAS,2023-11-13
112,183.97,186.57,183.53,186.4,66133400.0,186.565,183.53,186.4,183.97,66177922.0,1.0,0.24,AAPL,XNAS,2023-11-10
113,361.49,370.1,361.07,369.67,28065160.0,369.3506479132,360.3389312132,368.9212,360.7580808272,28065164.0,1.0,0.0,MSFT,XNAS,2023-11-10
114,182.96,184.12,181.81,182.41,53763500.0,183.8832404629,181.5762108873,182.17,182.7247321046,53763540.0,1.0,0.0,AAPL,XNAS,2023-11-09
115,362.3,364.79,360.362,360.69,24847330.0,364.0513992225,359.6323647211,359.9594,361.5664407969,24847331.0,1.0,0.0,MSFT,XNAS,2023-11-09
116,182.35,183.45,181.59,182.89,49340300.0,183.2141020146,181.3564937848,182.6494,182.1155165024,49340282.0,1.0,0.0,AAPL,XNAS,2023-11-08
117,361.68,363.87,360.55,363.2,26767830.0,363.1332619729,359.8199840721,362.4643,360.9476961287,26767828.0,1.0,0.0,MSFT,XNAS,2023-11-08
118,179.18,182.44,178.97,181.82,70530000.0,182.2054007715,178.7398628375,181.5808,178.949592799,70529966.0,1.0,0.0,AAPL,XNAS,2023-11-07
119,359.4,362.46,357.63,360.53,25833930.0,361.7261168403,356.9058962799,359.7997,358.6723125101,25833931.0,1.0,0.0,MSFT,XNAS,2023-11-07
120,176.38,179.43,176.21,179.23,63841300.0,179.1992713245,175.983411916,178.9942,176.1531933133,63841310.0,1.0,0.0,AAPL,XNAS,2023-11-06
121,353.45,357.54,353.35,356.53,23828301.0,356.8160785055,352.6345621187,355.8078,352.7343596458,23828301.0,1.0,0.0,MSFT,XNAS,2023-11-06
122,174.24,176.82,173.35,176.65,79763700.0,176.5926275182,173.1270895842,176.4176,174.015945135,79829246.0,1.0,0.0,AAPL,XNAS,2023-11-03
123,349.63,354.39,347.33,352.8,23637670.0,353.6724564008,346.6267509854,352.0854,348.9220941094,23637673.0,1.0,0.0,MSFT,XNAS,2023-11-03
124,175.52,177.78,175.46,177.57,77334800.0,177.5513930562,175.2343763395,177.3364,175.2942991856,77334752.0,1.0,0.0,AAPL,XNAS,2023-11-02
125,347.24,348.83,344.77,348.32,24348070.0,348.1237138923,344.0719342908,347.6145,346.5369332109,24348072.0,1.0,0.0,MSFT,XNAS,2023-11-02
126,171.0,174.23,170.12,173.97,56934900.0,174.005957994,169.9012430347,173.7411,170.7801114445,56934906.0,1.0,0.0,AAPL,XNAS,2023-11-01
127,339.79,347.42,339.65,346.07,28158820.0,346.7165687598,338.9623009017,345.369,339.1020174397,28158819.0,1.0,0.0,MSFT,XNAS,2023-11-01
128,169.35,170.9,167.9,170.77,44846000.0,170.6802400343,167.6840977282,170.5453,169.1322331762,44846017.0,1.0,0.0,AAPL,XNAS,2023-10-31
129,338.85,339.0,334.69,338.11,20265279.0,338.3136169753,334.012343556,337.4251,338.1639206846,20265282.0,1.0,0.0,MSFT,XNAS,2023-10-31
130,169.02,171.17,168.87,170.29,51131000.0,170.9498928418,168.6528504072,170.0659,168.8026575225,51130955.0,1.0,0.0,AAPL,XNAS,2023-10-30
131,333.41,339.45,331.83,337.31,22828080.0,338.7627058474,331.15813428,336.6268,332.7349352087,22828082.0,1.0,0.0,MSFT,XNAS,2023-10-30
132,166.91,168.96,166.83,168.22,58499100.0,168.7427346764,166.6154736391,167.9987,166.6953707673,58499129.0,1.0,0.0,AAPL,XNAS,2023-10-27
133,330.425,336.72,328.4007,329.81,29856520.0,336.0382333567,327.7357776821,329.142,329.7559790238,29856522.0,1.0,0.0,MSFT,XNAS,2023-10-27
134,170.37,171.38,165.67,166.89,70625300.0,171.157126018,165.4569652808,166.6704,170.1509215602,70625258.0,1.0,0.0,AAPL,XNAS,2023-10-26
135,340.54,341.63,326.94,327.89,37828539.0,340.9382919389,326.2780352033,327.2258,339.8504988931,37828543.0,1.0,0.0,MSFT,XNAS,2023-10-26
136,171.88,173.06,170.65,171.1,57157000.0,172.8374624946,170.4305615088,170.8749,171.6589798543,57156962.0,1.0,0.0,AAPL,XNAS,2023-10-25
137,345.02,346.2,337.62,340.67,55053832.0,345.4990389288,336.9364111009,339.98,344.3214281086,55053828.0,1.0,0.0,MSFT,XNAS,2023-10-25
138,173.05,173.67,171.45,173.44,43816600.0,173.4466780969,171.2295327904,173.2118,172.8274753536,43816644.0,1.0,0.0,AAPL,XNAS,2023-10-24
139,331.3,331.84,327.6,330.53,31153570.0,331.1681140327,326.9366988824,329.8605,330.6292073862,31153571.0,1.0,0.0,MSFT,XNAS,2023-10-24
140,170.91,174.01,169.93,173.0,55980100.0,173.7862408916,169.7114873553,172.7724,170.6902271753,55980109.0,1.0,0.0,AAPL,XNAS,2023-10-23
141,325.47,332.725,324.39,329.32,24374750.0,332.0513221478,323.7331982614,328.6529,324.8110115545,24374748.0,1.0,0.0,MSFT,XNAS,2023-10-23
142,175.31,175.42,172.64,172.88,64189300.0,175.1944277754,172.4180025718,172.6525,175.0845692242,64244028.0,1.0,0.0,AAPL,XNAS,2023-10-20
143,331.72,331.92,325.45,326.67,25027721.0,331.2479520544,324.791052049,326.0083,331.0483570002,25027715.0,1.0,0.0,MSFT,XNAS,2023-10-20
144,176.04,177.84,175.19,175.46,59302900.0,177.6113159023,174.9647235319,175.2291,175.8136305186,59302863.0,1.0,0.0,AAPL,XNAS,2023-10-19
145,332.15,336.88,330.91,331.32,25052070.0,336.1979094001,330.2399970304,330.6489,331.4774863668,25052071.0,1.0,0.0,MSFT,XNAS,2023-10-19
146,175.58,177.58,175.11,175.84,54764400.0,177.3466566652,174.8848264038,175.6086,175.3542220317,54764375.0,1.0,0.0,AAPL,XNAS,2023-10-18
147,332.49,335.59,328.3,330.11,23153600.0,334.9105213001,327.6352815723,329.4413,331.8167979591,23153602.0,1.0,0.0,MSFT,XNAS,2023-10-18
148,176.65,178.42,174.8,177.15,57549400.0,178.1905700814,174.5752250321,176.9169,176.4178525504,57549350.0,1.0,0.0,AAPL,XNAS,2023-10-17
149,329.59,333.46,327.41,332.06,18338520.0,332.7848339722,326.7470835808,331.3874,328.9226696723,18338523.0,1.0,0.0,MSFT,XNAS,2023-10-17
150,176.75,179.08,176.51,178.72,52517000.0,178.8447278183,176.2830261466,178.4849,176.5227175311,52516984.0,1.0,0.0,AAPL,XNAS,2023-10-16
151,331.05,336.14,330.6,332.64,22158051.0,335.4594076994,329.9306246963,331.9662,330.3797135684,22158048.0,1.0,0.0,MSFT,XNAS,2023-10-16
152,181.42,181.93,178.14,178.85,51427100.0,181.6960565795,177.9109301329,178.6147,181.1867123875,51456082.0,1.0,0.0,AAPL,XNAS,2023-10-13
153,332.38,333.83,326.36,327.73,21085699.0,333.1540848226,325.6992095459,327.0662,331.7070206792,21085695.0,1.0,0.0,MSFT,XNAS,2023-10-13
154,180.07,182.34,179.04,180.71,56743100.0,182.1055293613,178.8097728247,180.4722,179.8384483498,56743119.0,1.0,0.0,AAPL,XNAS,2023-10-12
155,330.565,333.6299,328.72,331.16,19313100.0,332.9543899708,328.0544311862,330.4892,329.8956955618,19313098.0,1.0,0.0,MSFT,XNAS,2023-10-12
156,178.2,179.85,177.6,179.8,47551100.0,179.6187312473,177.3716245178,179.5634,177.970852979,47551098.0,1.0,0.0,AAPL,XNAS,2023-10-11
157,331.21,332.82,329.14,332.42,20063250.0,332.1461297986,328.4735808002,331.7467,330.5393896118,20063246.0,1.0,0.0,MSFT,XNAS,2023-10-11
158,178.1,179.72,177.95,178.39,43698000.0,179.4888984141,177.7211744535,178.1553,177.8709815688,43698019.0,1.0,0.0,AAPL,XNAS,2023-10-10
159,330.96,331.1,327.67,328.39,20557090.0,330.4296123319,327.0065571513,327.7248,330.289895794,20557094.0,1.0,0.0,MSFT,XNAS,2023-10-10
160,176.81,179.05,175.8,178.99,42390800.0,178.8197599657,175.5739391342,178.7545,176.5826403772,42390772.0,1.0,0.0,AAPL,XNAS,2023-10-09
161,324.75,330.3,323.18,329.82,19891180.0,329.6312321149,322.5256481831,329.1519,324.0924693591,19891180.0,1.0,0.0,MSFT,XNAS,2023-10-09
162,173.8,177.99,173.18,177.49,57224100.0,177.7611230176,172.9573081869,177.2565,173.5765109301,57266675.0,1.0,0.0,AAPL,XNAS,2023-10-06
163,316.55,329.19,316.3,327.26,25673631.0,328.5234795637,315.6595783165,326.5971,315.9090721343,25673630.0,1.0,0.0,MSFT,XNAS,2023-10-06
164,173.79,175.45,172.68,174.91,48527900.0,175.2243891985,172.4579511359,174.6799,173.5665237891,48527918.0,1.0,0.0,AAPL,XNAS,2023-10-05
165,319.09,319.98,314.9,319.36,16965631.0,319.3321273149,314.2624129367,318.7131,318.4439293235,16965629.0,1.0,0.0,MSFT,XNAS,2023-10-05
166,171.09,174.21,170.97,173.66,53020300.0,173.985983712,170.7501500214,173.4315,170.8699957137,53020286.0,1.0,0.0,AAPL,XNAS,2023-10-04
167,314.03,320.04,314.0,318.955,20720141.0,319.3920058312,313.3642351925,318.3089,313.3941744506,20720144.0,1.0,0.0,MSFT,XNAS,2023-10-04
168,172.26,173.63,170.82,172.4,49594600.0,173.4067295328,170.6003429061,172.1732,172.0334976425,49594613.0,1.0,0.0,AAPL,XNAS,2023-10-03
169,320.83,321.39,311.215,313.39,21033490.0,320.7392724475,310.5848740619,312.7552,320.1804062956,21033492.0,1.0,0.0,MSFT,XNAS,2023-10-03
170,171.22,174.3,170.93,173.75,52164500.0,174.0758679811,170.7102014574,173.5214,170.9998285469,52164535.0,1.0,0.0,AAPL,XNAS,2023-10-02
171,316.28,321.888,315.18,321.8,20570010.0,321.2362641326,314.5418460126,321.1482,315.6396188111,20570006.0,1.0,0.0,MSFT,XNAS,2023-10-02
172,172.02,173.07,170.34,171.21,51814200.0,172.8474496357,170.1219588513,170.9847,171.7987998285,51861083.0,1.0,0.0,AAPL,XNAS,2023-09-29
173,317.75,319.47,314.98,315.75,24147301.0,318.8231599266,314.3422509584,315.1104,317.1066424599,24147298.0,1.0,0.0,MSFT,XNAS,2023-09-29
174,169.34,172.03,167.62,170.69,56294400.0,171.8087869696,167.4044577797,170.4654,169.1222460351,56294419.0,1.0,0.0,AAPL,XNAS,2023-09-28
175,310.99,315.48,309.45,313.64,19683561.0,314.841238594,308.823447708,313.0047,310.3603296258,19683564.0,1.0,0.0,MSFT,XNAS,2023-09-28
176,172.62,173.04,169.05,170.43,66921800.0,172.8174882126,168.8326189456,170.2058,172.3980282898,66921808.0,1.0,0.0,AAPL,XNAS,2023-09-27
177,312.3,314.299,309.69,312.79,19410080.0,313.6626297986,309.0629617731,312.1564,311.6676772313,19410082.0,1.0,0.0,MSFT,XNAS,2023-09-27
178,174.82,175.2,171.66,171.96,64588900.0,174.974710673,171.4392627518,171.7337,174.5951993142,64588945.0,1.0,0.0,AAPL,XNAS,2023-09-26
179,315.13,315.88,310.02,312.14,26297570.0,315.2404287026,309.3922936127,311.5077,314.4919472491,26297573.0,1.0,0.0,MSFT,XNAS,2023-09-26
180,174.2,176.97,174.15,176.08,46172700.0,176.7424346335,173.9260608658,175.8483,173.9759965709,46172740.0,1.0,0.0,AAPL,XNAS,2023-09-25
181,316.59,317.67,315.0,317.54,17835961.0,317.0268044382,314.3622104638,316.8968,315.9489911452,17835964.0,1.0,0.0,MSFT,XNAS,2023-09-25
182,174.67,177.08,174.05,174.79,56725400.0,176.8512944706,173.8261894556,174.56,174.4453921989,56725385.0,1.0,0.0,AAPL,XNAS,2023-09-22
183,321.32,321.45,316.15,317.01,21447891.0,320.7991509638,315.5098820258,316.3679,320.6694141785,21447887.0,1.0,0.0,MSFT,XNAS,2023-09-22
184,174.55,176.3,173.86,173.93,63047900.0,176.0732961852,173.6364337763,173.7012,174.3255465066,63149116.0,1.0,0.0,AAPL,XNAS,2023-09-21
185,319.26,325.3499,315.0,319.53,35560359.0,324.6911547244,314.3622104638,318.8828,318.6135851196,35560362.0,1.0,0.0,MSFT,XNAS,2023-09-21
186,179.26,179.7,175.4,175.49,58436200.0,179.4639305615,175.1744534934,175.2591,179.0294899271,58436181.0,1.0,0.0,AAPL,XNAS,2023-09-20
187,329.51,329.59,320.51,320.77,21436529.0,328.9226696723,319.8610542087,320.1203,328.8428316506,21436525.0,1.0,0.0,MSFT,XNAS,2023-09-20
188,177.52,179.63,177.13,179.07,51826900.0,179.3990141449,176.9022288898,178.8344,177.2917273896,51826941.0,1.0,0.0,AAPL,XNAS,2023-09-19
189,326.17,329.39,324.51,328.65,16514490.0,328.723074618,323.852955294,327.9843,325.5095942444,16514487.0,1.0,0.0,MSFT,XNAS,2023-09-19
190,176.48,179.38,176.17,177.97,67257600.0,179.1493356194,175.9434633519,177.7358,176.2530647235,67257573.0,1.0,0.0,AAPL,XNAS,2023-09-18
191,327.8,330.4,326.36,329.06,16834211.0,329.731029642,325.6992095459,328.3935,327.1362939366,16834208.0,1.0,0.0,MSFT,XNAS,2023-09-18
192,176.48,176.5,173.82,175.01,109205100.0,176.2680454351,173.5964852122,174.7797,176.2530647235,109259461.0,1.0,0.0,AAPL,XNAS,2023-09-15
193,336.92,337.3975,329.65,330.22,37679793.0,336.714361603,328.9825481885,329.5511,336.237828411,37679792.0,1.0,0.0,MSFT,XNAS,2023-09-15
194,174.0,176.1,173.58,175.74,60895800.0,175.8735533648,173.3567938277,175.5088,173.7762537505,60895757.0,1.0,0.0,AAPL,XNAS,2023-09-14
195,339.148,340.86,336.57,338.7,20267051.0,340.16985098,335.888537066,338.0139,338.4613173155,20267048.0,1.0,0.0,MSFT,XNAS,2023-09-14
196,176.51,177.3,173.98,174.21,84267900.0,177.0720102872,173.7562794685,173.9808,176.2830261466,84267928.0,1.0,0.0,AAPL,XNAS,2023-09-13
197,331.31,336.85,331.17,336.06,16544410.0,336.167970142,330.4994706009,335.3793,330.6391871389,16544412.0,1.0,0.0,MSFT,XNAS,2023-09-13
198,179.49,180.13,174.82,176.3,90370200.0,179.8983711959,174.5951993142,176.068,179.2591941706,90370192.0,1.0,0.0,AAPL,XNAS,2023-09-12
199,335.815,336.79,331.48,331.77,17565480.0,336.1080916257,330.808842935,331.098,335.1350657362,17565482.0,1.0,0.0,MSFT,XNAS,2023-09-12
200,180.07,180.3,177.34,179.36,58953100.0,180.0681525932,177.1119588513,179.124,179.8384483498,58953052.0,1.0,0.0,AAPL,XNAS,2023-09-11
201,337.24,338.42,335.43,337.94,16583320.0,337.734791318,334.7508452567,337.2555,336.5571804978,16583324.0,1.0,0.0,MSFT,XNAS,2023-09-11
202,178.35,180.24,177.79,178.18,65551300.0,180.007231033,177.5613801972,177.9456,178.1206600943,65602066.0,1.0,0.0,AAPL,XNAS,2023-09-08
203,330.09,336.16,329.46,334.27,19548170.0,335.4793672048,328.792932887,333.5929,329.4216573079,19548165.0,1.0,0.0,MSFT,XNAS,2023-09-08
204,175.18,178.21,173.54,177.56,112488800.0,177.98084012,173.3168452636,177.3264,174.9547363909,112488803.0,1.0,0.0,AAPL,XNAS,2023-09-07
205,331.29,333.08,329.03,329.91,18381000.0,332.4056033691,328.3638035203,329.2418,330.6192276335,18380995.0,1.0,0.0,MSFT,XNAS,2023-09-07
206,188.4,188.85,181.47,182.91,81755800.0,188.6071581655,181.2366480926,182.6693,188.1577368195,81755816.0,1.0,0.0,AAPL,XNAS,2023-09-06
207,333.38,334.46,330.18,332.88,17535770.0,333.7828092436,329.5114750823,332.2057,332.7049959505,17535773.0,1.0,0.0,MSFT,XNAS,2023-09-06
208,188.28,189.98,187.61,189.7,45280000.0,189.7357051007,187.368752679,189.4504,188.0378911273,45280027.0,1.0,0.0,AAPL,XNAS,2023-09-05
209,329.0,334.85,328.66,333.55,18553859.0,334.1720195994,327.9945526699,332.8744,328.3338642622,18553859.0,1.0,0.0,MSFT,XNAS,2023-09-05
210,189.49,189.92,188.28,189.46,45732600.0,189.6757822546,188.0378911273,189.2107,189.2413416202,45766503.0,1.0,0.0,AAPL,XNAS,2023-09-01
211,331.31,331.99,326.78,328.66,14942020.0,331.3178103234,326.1183591599,327.9943,330.6391871389,14942024.0,1.0,0.0,MSFT,XNAS,2023-09-01
212,187.84,189.12,187.48,187.87,60794500.0,188.876810973,187.2389198457,187.6228,187.5984569224,60794467.0,1.0,0.0,AAPL,XNAS,2023-08-31
213,329.2,330.9099,326.78,327.76,26410949.0,330.2398972329,326.1183591599,327.0961,328.5334593165,26410954.0,1.0,0.0,MSFT,XNAS,2023-08-31
214,184.94,187.85,184.74,187.65,60813900.0,187.6084440634,184.5024432062,187.4031,184.7021860266,60813888.0,1.0,0.0,AAPL,XNAS,2023-08-30
215,328.67,329.81,326.445,328.79,15222110.0,329.142224232,325.784037444,328.124,328.0045324227,15222110.0,1.0,0.0,MSFT,XNAS,2023-08-30
216,179.7,184.9,179.5,184.12,53003900.0,184.6622374625,179.2691813116,183.8778,179.4639305615,53003948.0,1.0,0.0,AAPL,XNAS,2023-08-29
217,321.88,328.9835,321.88,328.41,19284590.0,328.3173976702,321.2282803304,327.7448,321.2282803304,19284590.0,1.0,0.0,MSFT,XNAS,2023-08-29
218,180.09,180.59,178.55,180.19,43820700.0,180.3577796828,178.3154093442,179.9529,179.8584226318,43820697.0,1.0,0.0,AAPL,XNAS,2023-08-28
219,325.66,326.15,321.722,323.7,14808480.0,325.4896347389,321.0706002376,323.0443,325.000626856,14808482.0,1.0,0.0,MSFT,XNAS,2023-08-28
220,177.38,179.15,175.82,178.61,51449600.0,178.9196313759,175.5939134162,178.375,177.1519074153,51449594.0,1.0,0.0,AAPL,XNAS,2023-08-25
221,321.47,325.36,318.8001,322.98,21684100.0,324.7012342746,318.1546162923,322.3258,320.8191104692,21684104.0,1.0,0.0,MSFT,XNAS,2023-08-25
222,180.67,181.1,176.01,176.38,54945800.0,180.8711187312,175.7836690956,176.1479,180.4416716674,54945798.0,1.0,0.0,AAPL,XNAS,2023-08-24
223,332.85,332.98,319.96,319.97,23281430.0,332.305805842,319.3121678095,319.3219,332.1760690567,23281434.0,1.0,0.0,MSFT,XNAS,2023-08-24
224,178.52,181.55,178.33,181.12,52722800.0,181.3165452207,178.0956922417,180.8817,178.2904414916,52722752.0,1.0,0.0,AAPL,XNAS,2023-08-23
225,323.82,329.2,323.46,327.0,21166381.0,328.5334593165,322.8050812591,326.3376,323.1643523568,21166382.0,1.0,0.0,MSFT,XNAS,2023-08-23
226,177.06,177.68,176.25,177.23,42084200.0,177.4515216459,176.0233604801,176.9968,176.8323189027,42084245.0,1.0,0.0,AAPL,XNAS,2023-08-22
227,325.5,326.075,321.46,322.46,16102020.0,325.4147865936,320.8091307165,321.8068,324.8409508126,16102024.0,1.0,0.0,MSFT,XNAS,2023-08-22
228,175.07,176.13,173.74,175.84,46311900.0,175.9035147878,173.5115945135,175.6086,174.8448778397,46311879.0,1.0,0.0,AAPL,XNAS,2023-08-21
229,317.93,322.77,317.04,321.88,24039961.0,322.1164783219,316.3980800173,321.228,317.2862780087,24039956.0,1.0,0.0,MSFT,XNAS,2023-08-21
230,172.3,175.1,171.96,174.49,61114200.0,174.8748392628,171.7388769824,174.2604,172.0784397771,61172150.0,1.0,0.0,AAPL,XNAS,2023-08-18
231,314.49,318.38,311.5508,316.48,24755010.0,317.7353668808,310.919994158,315.839,313.8532430754,24755012.0,1.0,0.0,MSFT,XNAS,2023-08-18
232,177.14,177.51,173.48,174.0,66062900.0,177.2771461637,173.2569224175,173.7711,176.9122160309,66062882.0,1.0,0.0,AAPL,XNAS,2023-08-17
233,320.54,321.87,316.21,316.88,21257160.0,321.2183005777,315.5697605421,316.2381,319.8909934669,21257161.0,1.0,0.0,MSFT,XNAS,2023-08-17
234,177.13,178.54,176.5,176.57,46964900.0,178.3104157737,176.2730390056,176.3377,176.9022288898,46964857.0,1.0,0.0,AAPL,XNAS,2023-08-16
235,320.8,324.42,319.8035,320.4,20698859.0,323.7631375196,319.1559846796,319.751,320.1504670374,20698864.0,1.0,0.68,MSFT,XNAS,2023-08-16
236,178.88,179.48,177.05,177.45,43622600.0,179.2492070296,176.8223317617,177.2165,178.6499785684,43622593.0,1.0,0.0,AAPL,XNAS,2023-08-15
237,323.0,325.09,320.9034,321.86,16966289.0,323.7446823745,319.5754077514,320.5294,321.6633314066,16966285.0,1.0,0.0,MSFT,XNAS,2023-08-15
238,177.97,179.69,177.31,179.46,43675600.0,179.458936991,177.0770038577,179.2239,177.7411487355,43675627.0,1.0,0.0,AAPL,XNAS,2023-08-14
239,321.39,324.06,320.08,324.04,18836141.0,322.7189448162,318.7554152218,322.7004,320.0599940581,18836139.0,1.0,0.0,MSFT,XNAS,2023-08-14
240,177.32,178.62,176.55,177.79,51988100.0,178.3903129018,176.3229747107,177.5561,177.0919845692,52036672.0,1.0,0.24,AAPL,XNAS,2023-08-11
241,320.26,322.41,319.21,321.01,24355490.0,321.0757729994,317.8890155365,319.6829,318.934670329,24355491.0,1.0,0.0,MSFT,XNAS,2023-08-11
242,179.48,180.75,177.6,177.97,54686900.0,180.274220472,177.1325120655,177.4962,179.0075634319,54686851.0,1.0,0.0,AAPL,XNAS,2023-08-10
243,326.015,328.26,321.18,322.93,20113730.0,326.9015639862,319.8508630996,321.595,324.6658544536,20113725.0,1.0,0.0,MSFT,XNAS,2023-08-10
244,180.87,180.93,177.01,178.19,60378500.0,180.4537466667,176.5440650941,177.7156,180.3939046018,60378492.0,1.0,0.0,AAPL,XNAS,2023-08-09
245,326.47,327.11,321.0499,322.23,22373270.0,325.756323023,319.7213014915,320.8979,325.1189715304,22373268.0,1.0,0.0,MSFT,XNAS,2023-08-09
246,179.69,180.27,177.58,179.8,67823000.0,179.795483953,177.1125647105,179.3213,179.217010659,67823003.0,1.0,0.0,AAPL,XNAS,2023-08-08
247,326.96,328.75,323.0,326.05,22327570.0,327.3895362227,321.6633314066,324.7021,325.6069437669,22327574.0,1.0,0.0,MSFT,XNAS,2023-08-08
248,182.13,183.13,177.35,178.85,97576100.0,182.6479557126,176.8831701285,178.3738,181.6505879644,97576069.0,1.0,0.0,AAPL,XNAS,2023-08-07
249,328.37,331.11,327.52,330.11,17741529.0,329.7397698515,326.1646263229,328.7453,327.011108774,17741526.0,1.0,0.0,MSFT,XNAS,2023-08-07
250,185.52,187.38,181.92,181.99,115799700.0,186.8867686421,181.4411407373,181.5055,185.0316646306,115956841.0,1.0,0.0,AAPL,XNAS,2023-08-04
251,331.88,335.14,327.24,327.78,23741480.0,333.7530925313,325.8857850449,326.425,330.506583366,23741484.0,1.0,0.0,MSFT,XNAS,2023-08-04
252,191.57,192.37,190.69,191.17,61235200.0,191.8636337052,190.1880558883,190.661,191.0657395067,62243282.0,1.0,0.0,AAPL,XNAS,2023-08-03
253,326.0,329.88,325.95,326.66,18360350.0,328.5148599517,324.6011234427,325.3096,324.650916528,18360352.0,1.0,0.0,MSFT,XNAS,2023-08-03
254,195.04,195.18,191.85,192.58,50389300.0,194.6662370774,191.3457006336,192.0673,194.5266055926,50389327.0,1.0,0.0,AAPL,XNAS,2023-08-02
255,333.63,333.63,326.3551,327.5,27761260.0,332.2493413535,325.0045470202,326.1461,332.2493413535,27761257.0,1.0,0.0,MSFT,XNAS,2023-08-02
256,196.24,196.73,195.28,195.61,35175100.0,196.2121570869,194.7659738522,195.0892,195.7184600516,35281426.0,1.0,0.0,AAPL,XNAS,2023-08-01
257,335.19,338.54,333.7,336.34,18381250.0,337.1390223356,332.319051673,334.9496,333.8028856167,18381253.0,1.0,0.0,MSFT,XNAS,2023-08-01
258,196.06,196.49,195.26,196.45,38824100.0,195.9727888274,194.7460264972,195.927,195.5439206957,38824113.0,1.0,0.0,AAPL,XNAS,2023-07-31
259,336.92,337.695,333.36,335.92,25446020.0,336.297519193,331.9804586926,334.5313,335.52572637,25446022.0,1.0,0.0,MSFT,XNAS,2023-07-31
260,194.67,196.63,194.14,195.83,48291400.0,196.1084308411,193.6289746193,195.3086,194.1575795258,48291443.0,1.0,0.0,AAPL,XNAS,2023-07-28
261,333.67,340.01,333.17,338.37,28484869.0,338.6029390451,331.7912449682,336.9712,332.2891758218,28484868.0,1.0,0.0,MSFT,XNAS,2023-07-28
262,196.02,197.2,192.55,193.22,47460200.0,196.6809199286,192.0431598998,192.7056,195.5040259858,47460180.0,1.0,0.0,AAPL,XNAS,2023-07-27
263,340.48,341.33,329.05,330.72,39635262.0,339.9174764985,327.6882947348,329.3528,339.0709940474,39635262.0,1.0,0.0,MSFT,XNAS,2023-07-27
264,193.67,195.64,193.32,194.5,47471900.0,195.1250262415,192.8111330659,193.9821,193.1602117777,47471868.0,1.0,0.0,AAPL,XNAS,2023-07-26
265,341.44,344.67,333.11,337.77,58383699.0,343.2436546004,331.7314932658,336.3737,340.0270212863,58383702.0,1.0,0.0,MSFT,XNAS,2023-07-26
266,193.33,194.44,192.92,193.62,37283200.0,193.9281849438,192.4071991279,193.1045,192.8211067434,37283201.0,1.0,0.0,AAPL,XNAS,2023-07-25
267,347.11,351.89,345.07,350.98,41637738.0,350.4337761259,343.6419992832,349.5291,345.6735571658,41637739.0,1.0,0.0,MSFT,XNAS,2023-07-25
268,193.41,194.91,192.25,192.75,45377800.0,194.3969477854,191.7439495754,192.2368,192.9008961632,45505097.0,1.0,0.0,AAPL,XNAS,2023-07-24
269,345.85,346.92,342.31,345.11,26719211.0,345.4843434414,340.8934209715,343.6833,344.4187714148,26719207.0,1.0,0.0,MSFT,XNAS,2023-07-24
270,194.1,194.97,191.23,191.94,71917800.0,194.4567898503,190.7266344723,191.429,193.5890799094,71951683.0,1.0,0.0,AAPL,XNAS,2023-07-21
271,349.15,350.3,339.83,343.77,69405375.0,348.8503560116,338.4236839378,342.3489,347.7051150483,69405382.0,1.0,0.0,MSFT,XNAS,2023-07-21
272,195.09,196.47,192.5,193.13,59581200.0,195.9528414724,191.9883046737,192.6158,194.57647398,59581196.0,1.0,0.0,AAPL,XNAS,2023-07-20
273,353.57,357.97,345.37,346.87,33778398.0,356.4886153053,343.9407577954,345.436,352.1068237939,33778395.0,1.0,0.0,MSFT,XNAS,2023-07-20
274,193.1,198.23,192.65,195.1,80507300.0,197.7082087091,192.1428966746,194.5805,192.5917121613,80507323.0,1.0,0.0,AAPL,XNAS,2023-07-19
275,361.75,362.46,352.435,355.08,39732898.0,360.9600343704,350.9765207563,353.6121,360.2529725583,39732901.0,1.0,0.0,MSFT,XNAS,2023-07-19
276,193.35,194.33,192.42,193.73,48353800.0,193.8184744915,191.9085152538,193.2142,192.8410540983,48353774.0,1.0,0.0,AAPL,XNAS,2023-07-18
277,345.83,366.78,342.17,359.49,64872711.0,365.2621569452,340.7540003325,358.0039,344.3988541806,64872705.0,1.0,0.0,MSFT,XNAS,2023-07-18
278,191.9,194.32,191.81,193.99,50520200.0,193.808500814,191.3051077662,193.4735,191.3948708635,50520159.0,1.0,0.0,AAPL,XNAS,2023-07-17
279,345.678,346.99,342.2,345.73,20363930.0,345.5540537609,340.7838761837,344.3008,344.2474832011,20363927.0,1.0,0.0,MSFT,XNAS,2023-07-17
280,190.23,191.18,189.63,190.69,41573900.0,190.6766663481,189.1308460753,190.1823,189.7292667242,41616242.0,1.0,0.0,AAPL,XNAS,2023-07-14
281,347.59,351.43,344.31,345.24,28352730.0,349.9756797406,342.8851443858,343.8128,346.1515707852,28352729.0,1.0,0.0,MSFT,XNAS,2023-07-14
282,190.5,191.19,189.78,190.54,41342300.0,190.6867397624,189.2804512375,190.0327,189.9985560162,41342338.0,1.0,0.0,AAPL,XNAS,2023-07-13
283,339.56,343.74,339.02,342.66,20567160.0,342.3175032127,337.617035955,341.2434,338.1548012769,20567159.0,1.0,0.0,MSFT,XNAS,2023-07-13
284,189.68,191.7,188.47,189.77,60750200.0,191.1953973139,187.9738994875,189.2647,189.1807144627,60750248.0,1.0,0.0,AAPL,XNAS,2023-07-12
285,336.6,341.652,335.67,337.2,29995260.0,340.2381439682,334.2808992361,335.806,335.2070506237,29995262.0,1.0,0.0,MSFT,XNAS,2023-07-12
286,189.16,189.3,186.6,188.08,46638100.0,188.8017147184,186.1088217985,187.5792,188.6620832337,46638119.0,1.0,0.0,AAPL,XNAS,2023-07-11
287,331.06,332.86,327.0,332.47,26698221.0,331.482527839,325.6467782352,331.0956,329.6899767662,26698218.0,1.0,0.0,MSFT,XNAS,2023-07-11
288,189.26,189.99,187.04,188.61,59922200.0,189.4898984646,186.542676769,188.1078,188.7618200085,59922163.0,1.0,0.0,AAPL,XNAS,2023-07-10
289,334.6,335.23,327.59,331.83,32791449.0,333.8427200849,326.2343366424,330.4582,333.2153272094,32791449.0,1.0,0.0,MSFT,XNAS,2023-07-10
290,191.41,192.67,190.24,190.68,46778000.0,192.1628440296,189.7392404017,190.1723,190.906160667,46814998.0,1.0,0.0,AAPL,XNAS,2023-07-07
291,339.32,341.79,337.0,337.22,21214820.0,340.3755728838,335.6053953066,335.8259,337.9157944671,21214824.0,1.0,0.0,MSFT,XNAS,2023-07-07
292,189.84,192.02,189.2,191.81,45094300.0,191.5145549933,188.7019779436,191.2993,189.3402933024,45156009.0,1.0,0.0,AAPL,XNAS,2023-07-06
293,337.3,342.99,335.5,341.27,28195529.0,341.5706069324,334.1116027459,339.8592,335.9041538187,28195534.0,1.0,0.0,MSFT,XNAS,2023-07-06
294,191.57,192.98,190.62,191.33,46920300.0,192.4720280315,190.118240146,190.8206,191.0607526679,46920261.0,1.0,0.0,AAPL,XNAS,2023-07-05
295,335.09,341.65,334.7276,338.15,18172381.0,340.2361522448,333.3423991633,336.7521,333.7032994459,18172378.0,1.0,0.0,MSFT,XNAS,2023-07-05
296,193.78,193.88,191.76,192.46,31458200.0,193.3696590048,191.2552393788,191.9476,193.26992223,31458198.0,1.0,0.0,AAPL,XNAS,2023-07-03
297,339.19,340.9,336.571,337.99,12484240.0,339.4892559644,335.1781706342,336.5928,337.7863324452,12508692.0,1.0,0.0,MSFT,XNAS,2023-07-03
298,191.63,194.48,191.26,193.97,85069600.0,193.9680796537,190.7565555048,193.4536,191.1255815716,85213216.0,1.0,0.0,AAPL,XNAS,2023-06-30
299,337.75,342.73,337.2,340.54,26832760.0,341.3116828885,335.804567648,339.1322,336.3522915869,26832756.0,1.0,0.0,MSFT,XNAS,2023-06-30
300,189.08,190.07,188.94,189.59,46347300.0,189.5696878845,188.4426623291,189.0852,188.5822938139,46347308.0,1.0,0.0,AAPL,XNAS,2023-06-29
301,334.71,336.11,332.62,335.05,16997039.0,334.7190783872,331.2435210293,333.6649,333.3248719972,16997042.0,1.0,0.0,MSFT,XNAS,2023-06-29
302,187.93,189.9,187.6,189.25,51216800.0,189.4001353673,187.1061895466,188.7461,187.4353209035,51216801.0,1.0,0.0,AAPL,XNAS,2023-06-28
303,334.66,337.98,333.81,335.85,20259520.0,336.5813397796,332.4285964608,334.4616,333.2750789119,20259523.0,1.0,0.0,MSFT,XNAS,2023-06-28
304,185.89,188.39,185.67,188.06,50730800.0,187.8941100677,185.1812697928,187.5593,185.4006906974,50730846.0,1.0,0.0,AAPL,XNAS,2023-06-27
305,331.86,336.15,329.3,334.57,24354109.0,334.7589128555,327.9372601616,333.1869,330.4866661319,24354110.0,1.0,0.0,MSFT,XNAS,2023-06-27
306,186.83,188.05,185.23,185.27,48088700.0,187.5550050333,184.7424279836,184.7767,186.3382163806,48088661.0,1.0,0.0,AAPL,XNAS,2023-06-26
307,333.72,336.11,328.49,328.6,21520580.0,334.7190783872,327.1306121788,327.2416,332.3389689072,21520582.0,1.0,0.0,MSFT,XNAS,2023-06-26
308,185.55,187.56,185.01,186.68,53079300.0,187.0662948367,184.523007079,186.183,185.061585663,53116996.0,1.0,0.0,AAPL,XNAS,2023-06-23
309,334.36,337.96,333.45,335.02,23146900.0,336.5614225454,332.0700862462,333.635,332.9763203997,23146901.0,1.0,0.0,MSFT,XNAS,2023-06-23
310,183.74,187.05,183.67,187.0,51245300.0,186.5526504464,183.1865342965,186.5021,183.2563500389,51245327.0,1.0,0.0,AAPL,XNAS,2023-06-22
311,334.12,340.12,333.34,339.71,23556760.0,338.7124838329,331.9605414584,338.3056,332.73731359,23556764.0,1.0,0.0,MSFT,XNAS,2023-06-22
312,184.9,185.41,182.59,183.96,49515700.0,184.9219541783,182.1094768654,183.4702,184.4132966267,49515697.0,1.0,0.0,AAPL,XNAS,2023-06-21
313,336.37,337.73,332.07,333.56,25117801.0,336.3323743528,330.6957970904,332.1811,334.9780024311,25117799.0,1.0,0.0,MSFT,XNAS,2023-06-21
314,184.41,186.1,184.41,185.01,49799100.0,185.6101379245,183.9245864302,184.5174,183.9245864302,49799092.0,1.0,0.0,AAPL,XNAS,2023-06-20
315,339.31,342.08,335.86,338.05,26375410.0,340.6643727789,334.4701129604,336.6525,337.9058358501,26375407.0,1.0,0.0,MSFT,XNAS,2023-06-20
316,186.73,186.99,184.27,184.92,101235600.0,186.4977952203,183.7849549454,184.4277,186.2384796058,101256225.0,1.0,0.0,AAPL,XNAS,2023-06-16
317,351.32,351.47,341.95,342.33,46551992.0,350.0155142089,340.5349107569,340.9148,349.8661349528,46551985.0,1.0,0.0,MSFT,XNAS,2023-06-16
318,183.96,186.52,183.78,186.01,65433200.0,186.0290323787,183.2962447488,185.5148,183.4757709435,65433166.0,1.0,0.0,AAPL,XNAS,2023-06-15
319,337.48,349.84,337.2,348.1,38899078.0,348.3922596263,335.804567648,346.661,336.083408926,38899075.0,1.0,0.0,MSFT,XNAS,2023-06-15
320,183.37,184.39,182.02,183.95,57462900.0,183.9046390752,181.5408775122,183.4602,182.8873239721,57462882.0,1.0,0.0,AAPL,XNAS,2023-06-14
321,334.34,339.04,332.81,337.34,26003789.0,337.6369531891,331.4327347537,335.9454,332.9564031656,26003791.0,1.0,0.0,MSFT,XNAS,2023-06-14
322,182.8,184.15,182.44,183.31,54929100.0,183.6652708156,181.9597719664,182.8219,182.3188243557,54929129.0,1.0,0.0,AAPL,XNAS,2023-06-13
323,334.465,336.98,330.39,334.29,22951279.0,335.5854780724,329.0227494224,332.908,333.080885879,22951279.0,1.0,0.0,MSFT,XNAS,2023-06-13
324,181.27,183.89,180.97,183.79,54274900.0,183.4059552011,180.4936413766,183.3007,180.7928517011,54754995.0,1.0,0.0,AAPL,XNAS,2023-06-12
325,328.58,332.0999,325.16,331.85,24306750.0,330.7255733554,323.814392694,330.4781,327.2202397325,24306753.0,1.0,0.0,MSFT,XNAS,2023-06-12
326,181.5,182.23,180.63,180.96,48870700.0,181.7503247393,180.1545363423,180.4782,181.0222462831,48899973.0,1.0,0.0,AAPL,XNAS,2023-06-09
327,324.99,329.99,324.41,326.79,22528949.0,328.6244047395,323.0674964137,325.4391,323.6450962038,22528950.0,1.0,0.0,MSFT,XNAS,2023-06-09
328,177.9,180.84,177.46,180.57,50214900.0,180.3639835694,176.9928805807,180.0892,177.4267355512,50214881.0,1.0,0.0,AAPL,XNAS,2023-06-08
329,323.935,326.64,323.35,325.26,23277711.0,325.2882680206,322.0118830041,323.9154,322.5944621028,23277708.0,1.0,0.0,MSFT,XNAS,2023-06-08
330,178.44,181.21,177.32,177.82,61944600.0,180.7330096362,176.853249096,177.3466,177.9703009739,61944615.0,1.0,0.0,AAPL,XNAS,2023-06-07
331,331.65,334.49,322.5,323.38,40717129.0,333.1057824217,321.165400553,322.0432,330.2775351734,40717129.0,1.0,0.0,MSFT,XNAS,2023-06-07
332,179.97,180.12,177.43,179.21,64848400.0,179.6458787907,176.9629595483,178.7329,179.4912867898,64848374.0,1.0,0.0,AAPL,XNAS,2023-06-06
333,335.33,335.37,332.17,333.68,20396221.0,333.9821407239,330.7953832611,332.3006,333.9423062557,20396223.0,1.0,0.0,MSFT,XNAS,2023-06-06
334,182.63,184.95,178.04,179.58,121946500.0,184.4641623819,177.5663670359,179.1019,182.1492718385,121946497.0,1.0,0.0,AAPL,XNAS,2023-06-05
335,335.22,338.5599,334.6601,335.94,21307051.0,337.1588399835,333.275178498,334.5512,333.8327614679,21307053.0,1.0,0.0,MSFT,XNAS,2023-06-05
336,181.03,181.78,179.26,180.95,61945900.0,181.3015092526,178.7881425274,180.4682,180.5534834415,61996913.0,1.0,0.0,AAPL,XNAS,2023-06-02
337,334.247,337.5,332.55,335.4,25873770.0,336.1033261602,331.1738107098,334.0135,332.8637880268,25873769.0,1.0,0.0,MSFT,XNAS,2023-06-02
338,177.7,180.12,176.93,180.09,68901800.0,179.6458787907,176.4648740949,179.6105,177.2322488403,68901809.0,1.0,0.0,AAPL,XNAS,2023-06-01
339,325.93,333.53,324.72,332.58,26773850.0,332.1497551828,323.3762135429,331.2051,324.5812062085,26773851.0,1.0,0.0,MSFT,XNAS,2023-06-01
340,177.33,179.35,176.76,177.25,99625300.0,178.8779056247,176.2947231571,176.7781,176.8582359347,99313268.0,1.0,0.0,AAPL,XNAS,2023-05-31
341,332.29,335.94,327.33,328.39,45950551.0,334.549781897,325.9754125985,327.0324,330.9148866659,45546858.0,1.0,0.0,MSFT,XNAS,2023-05-31
342,176.96,178.99,176.57,177.3,55964400.0,178.5188532354,176.1052232849,176.8279,176.4941967067,55964401.0,1.0,0.0,AAPL,XNAS,2023-05-30
343,335.23,335.74,330.52,331.21,29503070.0,334.3506095556,329.1522114443,329.8408,333.8427200849,29503070.0,1.0,0.0,MSFT,XNAS,2023-05-30
344,173.32,175.77,173.11,175.43,54835000.0,175.3073290864,172.6543308764,174.9629,172.8637781035,54834975.0,1.0,0.0,AAPL,XNAS,2023-05-26
345,324.02,333.4,323.88,332.89,36630633.0,332.0202931609,322.5396897089,331.5138,322.6791103479,36630633.0,1.0,0.0,MSFT,XNAS,2023-05-26
346,172.41,173.9,171.69,172.99,56058300.0,173.4372645587,171.2380686741,172.5294,171.9561734528,56058258.0,1.0,0.0,AAPL,XNAS,2023-05-25
347,323.24,326.9,320.0,325.92,43301738.0,325.5471920645,318.6757462852,324.5727,321.9023382163,43301743.0,1.0,0.0,MSFT,XNAS,2023-05-25
348,171.09,172.42,170.52,171.84,45143500.0,171.9644516051,170.0711484088,171.3825,170.6396480252,45143488.0,1.0,0.0,AAPL,XNAS,2023-05-24
349,314.73,316.5,312.61,313.85,23384891.0,315.1902303102,311.3163282694,312.5525,313.4275550885,23384887.0,1.0,0.0,MSFT,XNAS,2023-05-24
350,173.13,173.38,171.28,171.56,50747300.0,172.9230217478,170.8241610586,171.1032,172.6742782314,50747263.0,1.0,0.0,AAPL,XNAS,2023-05-23
351,320.03,322.72,315.25,315.26,30797170.0,321.3844901286,313.9454031763,313.9567,318.7056221364,30797173.0,1.0,0.0,MSFT,XNAS,2023-05-23
352,173.98,174.71,173.45,174.2,43570900.0,174.2501192734,172.9934359108,173.7362,173.5220408173,43570932.0,1.0,0.0,AAPL,XNAS,2023-05-22
353,318.6,322.59,318.01,321.18,24115660.0,321.2550281067,316.693981488,319.8522,317.2815398952,24115664.0,1.0,0.0,MSFT,XNAS,2023-05-22
354,176.39,176.39,174.94,175.16,55772400.0,175.9256970903,174.4795138555,174.6936,175.9256970903,55809475.0,1.0,0.0,AAPL,XNAS,2023-05-19
355,316.74,318.75,316.37,318.34,27546699.0,317.4309191513,315.0607682883,317.024,315.4292371199,27546701.0,1.0,0.0,MSFT,XNAS,2023-05-19
356,173.0,175.24,172.58,175.05,65496700.0,174.7787241799,172.1257259699,174.5839,172.5446204241,65496657.0,1.0,0.0,AAPL,XNAS,2023-05-18
357,314.53,319.04,313.72,318.52,27275990.0,317.7197190463,312.4217347643,317.2032,313.2283827471,27275991.0,1.0,0.0,MSFT,XNAS,2023-05-18
358,171.71,172.93,170.42,172.69,57951600.0,172.469817843,169.9715113708,172.2302,171.2580160291,57951604.0,1.0,0.0,AAPL,XNAS,2023-05-17
359,312.29,314.43,310.74,314.0,24315010.0,313.1287965764,309.4540668771,312.7019,310.9976525231,24315012.0,1.0,0.68,MSFT,XNAS,2023-05-17
360,171.99,173.14,171.8,172.07,42110300.0,172.6825563837,171.3468814954,171.6119,171.5372789985,42110293.0,1.0,0.0,AAPL,XNAS,2023-05-16
361,309.83,313.71,309.83,311.74,26730350.0,311.7366776098,307.8810838795,309.7741,307.8810838795,26730347.0,1.0,0.0,MSFT,XNAS,2023-05-16
362,173.16,173.21,171.47,172.07,37266700.0,172.7540676513,171.0186477695,171.6119,172.7041992638,37266659.0,1.0,0.0,AAPL,XNAS,2023-05-15
363,309.095,309.905,307.59,309.46,16336550.0,307.9556121088,305.6551740971,307.5085,307.1507072321,16336547.0,1.0,0.0,MSFT,XNAS,2023-05-15
364,173.62,174.06,171.0,172.57,45497800.0,173.6018302371,170.5498849279,172.1105,173.162988428,45533138.0,1.0,0.24,AAPL,XNAS,2023-05-12
365,310.55,310.65,306.6,308.97,19774699.0,308.6959258534,304.67140147,307.0215,308.596554881,19774696.0,1.0,0.0,MSFT,XNAS,2023-05-12
366,173.85,174.59,172.17,173.75,49514700.0,173.8886013121,171.4783234315,173.048,173.1515741916,49514676.0,1.0,0.0,AAPL,XNAS,2023-05-11
367,310.1,311.12,306.2601,310.11,31680180.0,309.1629694238,304.3336395347,308.1544,308.149385505,31680179.0,1.0,0.0,MSFT,XNAS,2023-05-11
368,173.02,174.03,171.9,173.56,53724500.0,173.3308510587,171.2094081307,172.8588,172.3249086375,53724501.0,1.0,0.0,AAPL,XNAS,2023-05-10
369,308.62,313.0,307.67,312.31,30078039.0,311.0311437055,305.734670875,310.3405,306.6786951131,30078044.0,1.0,0.0,MSFT,XNAS,2023-05-10
370,173.05,173.54,171.6,171.77,45326900.0,172.842819587,170.9106133522,171.076,172.3547881153,45326874.0,1.0,0.0,AAPL,XNAS,2023-05-09
371,308.0,310.04,306.31,307.0,21340830.0,308.0897629216,304.38322565,305.064,306.062595084,21340829.0,1.0,0.0,MSFT,XNAS,2023-05-09
372,172.48,173.85,172.11,173.5,55962800.0,173.1515741916,171.4185644758,172.799,171.787078036,55962793.0,1.0,0.0,AAPL,XNAS,2023-05-08
373,310.13,310.2,306.09,308.65,21318609.0,308.2487564775,304.1646095106,306.7036,308.1791967968,21318613.0,1.0,0.0,MSFT,XNAS,2023-05-08
374,170.98,174.3,170.76,173.57,113316400.0,173.5997663594,170.0739879721,172.8688,170.2881242301,113453171.0,1.0,0.0,AAPL,XNAS,2023-05-05
375,305.72,311.97,304.27,310.65,28197051.0,310.0076226895,302.3560578124,308.691,303.7969369126,28197052.0,1.0,0.0,MSFT,XNAS,2023-05-05
376,164.89,167.04,164.31,165.79,81235400.0,166.3689327176,163.6499002325,165.1202,164.2275701377,81235427.0,1.0,0.0,AAPL,XNAS,2023-05-04
377,306.24,307.7626,303.4,305.41,22519910.0,305.8266883955,301.4915303522,303.484,304.3136659692,22519907.0,1.0,0.0,MSFT,XNAS,2023-05-04
378,169.5,170.92,167.16,167.45,65136000.0,170.2333451874,166.4884506291,166.7735,168.819049902,65136018.0,1.0,0.0,AAPL,XNAS,2023-05-03
379,306.62,308.61,304.09,304.4,22360750.0,306.6687580158,302.177190062,302.4804,304.6912756645,22360754.0,1.0,0.0,MSFT,XNAS,2023-05-03
380,170.09,170.35,167.54,168.54,48425700.0,169.665635108,166.8669240153,167.8591,169.4066796333,48425696.0,1.0,0.0,AAPL,XNAS,2023-05-02
381,307.76,309.18,303.91,305.41,26404430.0,307.2351725587,301.9983223116,303.484,305.8241047502,26404431.0,1.0,0.0,MSFT,XNAS,2023-05-02
382,169.28,170.45,168.64,169.59,52472900.0,169.7652333676,167.9625048701,168.9048,168.5999337311,52472936.0,1.0,0.0,AAPL,XNAS,2023-05-01
383,306.97,308.6,305.15,305.56,21294119.0,306.6588209186,303.2305223698,303.6331,305.039074068,21294115.0,1.0,0.0,MSFT,XNAS,2023-05-01
384,168.49,169.85,167.88,169.68,55209200.0,169.85,167.8801,169.68,168.49,55275851.0,1.0,0.0,AAPL,XNAS,2023-04-28
385,304.01,308.93,303.31,307.26,36446700.0,308.93,303.31,307.26,304.01,36469613.0,1.0,0.0,MSFT,XNAS,2023-04-28
386,165.19,168.56,165.19,168.41,64524702.0,168.56,165.19,168.41,165.19,64902329.0,1.0,0.0,AAPL,XNAS,2023-04-27
387,295.97,305.2,295.25,304.83,46350000.0,305.2,295.25,304.83,295.97,46462638.0,1.0,0.0,MSFT,XNAS,2023-04-27
388,163.06,165.28,162.8,163.76,45425700.0,165.28,162.8,163.76,163.055,44105745.0,1.0,0.0,AAPL,XNAS,2023-04-26
389,296.7,299.57,292.73,295.37,64532500.0,299.57,292.73,295.37,296.7,64481117.0,1.0,0.0,MSFT,XNAS,2023-04-26
390,165.19,166.3,163.73,163.77,48714063.0,166.305,163.73,163.77,165.19,48714063.0,1.0,0.0,AAPL,XNAS,2023-04-25
391,279.51,281.6,275.37,275.42,43772500.0,281.6,275.37,275.42,279.51,45772236.0,1.0,0.0,MSFT,XNAS,2023-04-25
392,165.05,165.6,163.9,165.33,41949581.0,165.6,163.89,165.33,165.0,41949581.0,1.0,0.0,AAPL,XNAS,2023-04-24
393,282.09,284.95,278.72,281.77,26590300.0,284.95,278.72,281.77,282.09,26611014.0,1.0,0.0,MSFT,XNAS,2023-04-24
394,165.05,166.45,164.49,165.02,58311900.0,166.4521,164.49,165.02,165.05,58337341.0,1.0,0.0,AAPL,XNAS,2023-04-21
395,285.01,286.27,283.06,285.76,21665400.0,286.27,283.0608,285.76,285.01,21676387.0,1.0,0.0,MSFT,XNAS,2023-04-21
396,166.09,167.87,165.56,166.65,52456377.0,167.87,165.56,166.65,166.09,52456377.0,1.0,0.0,AAPL,XNAS,2023-04-20
397,285.25,289.03,285.08,286.11,23214000.0,289.03,285.08,286.11,285.25,23244363.0,1.0,0.0,MSFT,XNAS,2023-04-20
398,165.8,168.16,165.54,167.63,47720166.0,168.16,165.54,167.63,165.8,47720166.0,1.0,0.0,AAPL,XNAS,2023-04-19
399,285.99,289.05,284.54,288.45,17114800.0,289.05,284.54,288.45,285.99,17150271.0,1.0,0.0,MSFT,XNAS,2023-04-19
400,166.1,167.41,165.65,166.47,49923008.0,167.41,165.65,166.47,166.1,49923008.0,1.0,0.0,AAPL,XNAS,2023-04-18
401,291.57,291.76,287.01,288.37,20149400.0,291.755,287.01,288.37,291.57,20161845.0,1.0,0.0,MSFT,XNAS,2023-04-18
402,165.09,165.39,164.03,165.23,38730570.0,165.39,164.03,165.23,165.09,40713618.0,1.0,0.0,AAPL,XNAS,2023-04-17
403,289.93,291.6,286.16,288.8,23818000.0,291.6,286.16,288.8,289.93,23791151.0,1.0,0.0,MSFT,XNAS,2023-04-17
404,164.59,166.32,163.82,165.21,49337200.0,166.32,163.82,165.21,164.59,49386480.0,1.0,0.0,AAPL,XNAS,2023-04-14
405,287.0,288.48,283.69,286.14,20973900.0,288.48,283.69,286.14,287.0,20987917.0,1.0,0.0,MSFT,XNAS,2023-04-14
406,161.63,165.8,161.44,165.56,68445649.0,165.8,161.42,165.56,161.63,68445649.0,1.0,0.0,AAPL,XNAS,2023-04-13
407,283.59,289.9,283.17,289.84,24205200.0,289.9,283.17,289.84,283.59,24222678.0,1.0,0.0,MSFT,XNAS,2023-04-13
408,161.22,162.06,159.78,160.1,50133062.0,162.06,159.78,160.1,161.22,50133062.0,1.0,0.0,AAPL,XNAS,2023-04-12
409,284.79,287.01,281.96,283.49,27373400.0,287.01,281.96,283.49,284.79,27403432.0,1.0,0.0,MSFT,XNAS,2023-04-12
410,162.35,162.36,160.51,160.8,47507081.0,162.36,160.51,160.8,162.35,47644217.0,1.0,0.0,AAPL,XNAS,2023-04-11
411,285.75,285.98,281.64,282.83,27254900.0,285.98,281.64,282.83,285.75,27276589.0,1.0,0.0,MSFT,XNAS,2023-04-11
412,161.42,162.03,160.08,162.03,47716882.0,162.03,160.08,162.03,161.42,47716882.0,1.0,0.0,AAPL,XNAS,2023-04-10
413,289.21,289.6,284.71,289.39,23079400.0,289.6,284.71,289.39,289.208,23102994.0,1.0,0.0,MSFT,XNAS,2023-04-10
414,162.43,164.9584,162.0,164.66,45390123.0,164.9584,162.0,164.66,162.43,45390123.0,1.0,0.0,AAPL,XNAS,2023-04-06
415,283.21,292.08,282.03,291.6,29770334.0,292.08,282.03,291.6,283.21,29770334.0,1.0,0.0,MSFT,XNAS,2023-04-06
416,164.74,165.05,161.8,163.76,50263014.0,165.05,161.8,163.76,164.74,51511744.0,1.0,0.0,AAPL,XNAS,2023-04-05
417,285.85,287.15,282.92,284.34,22028700.0,287.15,282.92,284.34,285.85,22064770.0,1.0,0.0,MSFT,XNAS,2023-04-05
418,166.595,166.83,165.11,165.63,46278295.0,166.84,165.11,165.63,166.595,46278295.0,1.0,0.0,AAPL,XNAS,2023-04-04
419,287.23,290.4499,285.67,287.18,24682420.0,290.4499,285.67,287.18,287.23,25824299.0,1.0,0.0,MSFT,XNAS,2023-04-04
420,164.27,166.29,164.27,166.17,54888988.0,166.29,164.22,166.17,164.27,56976187.0,1.0,0.0,AAPL,XNAS,2023-04-03
421,286.52,288.27,283.95,287.23,24868400.0,288.27,283.95,287.23,286.52,24883342.0,1.0,0.0,MSFT,XNAS,2023-04-03
422,162.44,165.0,161.91,164.9,68694700.0,165.0,161.91,164.9,162.44,68749792.0,1.0,0.0,AAPL,XNAS,2023-03-31
423,283.73,289.27,283.0,288.3,32740300.0,289.27,283.0,288.3,283.73,32765976.0,1.0,0.0,MSFT,XNAS,2023-03-31
424,161.53,162.47,161.271,162.36,44935963.0,162.47,161.271,162.36,161.53,49501689.0,1.0,0.0,AAPL,XNAS,2023-03-30
425,284.23,284.46,281.48,284.05,25023700.0,284.46,281.48,284.05,284.23,25053410.0,1.0,0.0,MSFT,XNAS,2023-03-30
426,159.37,161.04,159.35,160.77,48914471.0,161.05,159.35,160.77,159.37,51305691.0,1.0,0.0,AAPL,XNAS,2023-03-29
427,278.96,281.14,278.41,280.51,25054100.0,281.1398,278.41,280.51,278.96,25087032.0,1.0,0.0,MSFT,XNAS,2023-03-29
428,157.97,158.1277,155.98,157.65,45992152.0,158.49,155.98,157.65,157.97,45992152.0,1.0,0.0,AAPL,XNAS,2023-03-28
429,275.79,276.14,272.05,275.23,21856400.0,276.14,272.0451,275.23,275.79,21878647.0,1.0,0.0,MSFT,XNAS,2023-03-28
430,159.94,160.77,157.87,158.28,52264369.0,160.77,157.87,158.28,159.94,52390266.0,1.0,0.0,AAPL,XNAS,2023-03-27
431,280.5,281.46,275.52,276.38,26808900.0,281.4589,275.52,276.38,280.5,26840212.0,1.0,0.0,MSFT,XNAS,2023-03-27
432,158.86,160.34,157.85,160.25,59196500.0,160.34,157.85,160.25,158.86,59256343.0,1.0,0.0,AAPL,XNAS,2023-03-24
433,277.24,280.63,275.28,280.57,28172000.0,280.63,275.28,280.57,277.24,28199962.0,1.0,0.0,MSFT,XNAS,2023-03-24
434,158.83,161.55,157.68,158.93,67330105.0,161.5501,157.68,158.93,158.83,67622060.0,1.0,0.0,AAPL,XNAS,2023-03-23
435,277.94,281.06,275.2,277.66,36590300.0,281.06,275.2,277.66,277.94,36610879.0,1.0,0.0,MSFT,XNAS,2023-03-23
436,159.3,162.14,157.81,157.83,69099334.0,162.14,157.81,157.83,159.3,75701811.0,1.0,0.0,AAPL,XNAS,2023-03-22
437,273.4,281.04,272.18,272.29,34731100.0,281.04,272.18,272.29,273.4,34873330.0,1.0,0.0,MSFT,XNAS,2023-03-22
438,157.32,159.4,156.54,159.28,73868900.0,159.4,156.54,159.28,157.32,73938285.0,1.0,0.0,AAPL,XNAS,2023-03-21
439,274.88,275.0,269.52,273.78,34531100.0,275.0,269.5191,273.78,274.88,34558704.0,1.0,0.0,MSFT,XNAS,2023-03-21
440,155.07,157.81,154.15,157.4,73641415.0,157.82,154.15,157.4,155.07,73641415.0,1.0,0.0,AAPL,XNAS,2023-03-20
441,276.98,277.48,269.85,272.23,43438200.0,277.48,269.85,272.23,276.98,43466649.0,1.0,0.0,MSFT,XNAS,2023-03-20
442,156.08,156.74,154.28,155.0,98862500.0,156.74,154.28,155.0,156.08,98944633.0,1.0,0.0,AAPL,XNAS,2023-03-17
443,278.26,283.33,276.32,279.43,69492200.0,283.33,276.3201,279.43,278.26,69527371.0,1.0,0.0,MSFT,XNAS,2023-03-17
444,152.16,156.42,151.64,155.85,76254419.0,156.46,151.64,155.85,152.16,76254419.0,1.0,0.0,AAPL,XNAS,2023-03-16
445,265.205,276.5,263.28,276.2,54832140.0,276.56,263.28,276.2,265.205,54832140.0,1.0,0.0,MSFT,XNAS,2023-03-16
446,151.19,153.245,149.92,152.99,77167866.0,153.245,149.92,152.99,151.19,77167866.0,1.0,0.0,AAPL,XNAS,2023-03-15
447,259.98,266.48,259.21,265.44,45975900.0,266.48,259.21,265.44,259.98,46028047.0,1.0,0.0,MSFT,XNAS,2023-03-15
448,151.28,153.4,150.1,152.59,73628400.0,153.4,150.1,152.59,151.28,73695893.0,1.0,0.0,AAPL,XNAS,2023-03-14
449,256.75,261.07,255.86,260.79,33594200.0,261.07,255.86,260.79,256.75,33620293.0,1.0,0.0,MSFT,XNAS,2023-03-14
450,147.805,153.14,147.7,150.47,84457122.0,153.14,147.7,150.47,147.805,84457122.0,1.0,0.0,AAPL,XNAS,2023-03-13
451,247.4,257.9,245.75,253.92,33339721.0,257.91,245.73,253.92,247.4,33339721.0,1.0,0.0,MSFT,XNAS,2023-03-13
452,150.21,150.94,147.61,148.5,68524400.0,150.94,147.6096,148.5,150.21,68572400.0,1.0,0.0,AAPL,XNAS,2023-03-10
453,251.08,252.79,247.6,248.59,28321800.0,252.79,247.6,248.59,251.08,28333930.0,1.0,0.0,MSFT,XNAS,2023-03-10
454,153.559,154.5312,150.225,150.59,53833582.0,154.535,150.225,150.59,153.559,53833582.0,1.0,0.0,AAPL,XNAS,2023-03-09
455,255.82,259.56,251.58,252.32,26620700.0,259.56,251.58,252.32,255.82,26653387.0,1.0,0.0,MSFT,XNAS,2023-03-09
456,152.81,153.47,151.83,152.87,47129000.0,153.47,151.83,152.87,152.81,47204791.0,1.0,0.0,AAPL,XNAS,2023-03-08
457,254.04,254.54,250.81,253.7,17318400.0,254.5417,250.81,253.7,254.04,17340217.0,1.0,0.0,MSFT,XNAS,2023-03-08
458,153.7,154.0299,151.13,151.6,56097579.0,154.0299,151.13,151.6,153.7,56182028.0,1.0,0.0,AAPL,XNAS,2023-03-07
459,256.3,257.68,253.39,254.15,21473179.0,257.69,253.39,254.15,256.3,21473179.0,1.0,0.0,MSFT,XNAS,2023-03-07
460,153.785,156.295,153.46,153.83,85084876.0,156.3,153.46,153.83,153.785,87558028.0,1.0,0.0,AAPL,XNAS,2023-03-06
461,256.43,260.12,255.98,256.87,24088400.0,260.12,255.98,256.87,256.425,24109849.0,1.0,0.0,MSFT,XNAS,2023-03-06
462,148.04,151.11,147.33,151.03,70668500.0,151.11,147.33,151.03,148.045,70732297.0,1.0,0.0,AAPL,XNAS,2023-03-03
463,252.19,255.62,251.39,255.29,30741300.0,255.62,251.39,255.29,252.19,30760136.0,1.0,0.0,MSFT,XNAS,2023-03-03
464,144.38,146.71,143.9,145.91,52279761.0,146.71,143.9,145.91,144.38,52279761.0,1.0,0.0,AAPL,XNAS,2023-03-02
465,246.55,251.4,245.61,251.11,24808200.0,251.4,245.61,251.11,246.55,24833646.0,1.0,0.0,MSFT,XNAS,2023-03-02
466,146.83,147.2285,145.01,145.31,55478991.0,147.2285,145.01,145.31,146.83,55478991.0,1.0,0.0,AAPL,XNAS,2023-03-01
467,250.76,250.93,245.79,246.27,27501900.0,250.93,245.79,246.27,250.76,27565259.0,1.0,0.0,MSFT,XNAS,2023-03-01
468,147.05,149.075,146.87,147.41,50145937.0,149.08,146.83,147.41,147.05,50546998.0,1.0,0.0,AAPL,XNAS,2023-02-28
469,249.07,251.49,248.73,249.42,22467600.0,251.49,248.73,249.42,249.07,22490950.0,1.0,0.0,MSFT,XNAS,2023-02-28
470,147.71,149.17,147.45,147.92,44950000.0,149.17,147.45,147.92,147.71,44998470.0,1.0,0.0,AAPL,XNAS,2023-02-27
471,252.46,252.79,249.39,250.16,21164969.0,252.82,249.39,250.16,252.46,21190042.0,1.0,0.0,MSFT,XNAS,2023-02-27
472,147.11,147.19,145.72,146.71,55418200.0,147.19,145.7202,146.71,147.11,55469606.0,1.0,0.0,AAPL,XNAS,2023-02-24
473,249.96,251.0,248.1,249.22,24978700.0,251.0,248.1,249.22,249.96,24990905.0,1.0,0.0,MSFT,XNAS,2023-02-24
474,150.09,150.34,147.24,149.4,48349600.0,150.34,147.24,149.4,150.09,48394249.0,1.0,0.0,AAPL,XNAS,2023-02-23
475,255.56,256.84,250.48,254.77,29187700.0,256.84,250.48,254.77,255.56,29219095.0,1.0,0.0,MSFT,XNAS,2023-02-23
476,148.87,149.95,147.16,148.91,50939700.0,149.95,147.16,148.91,148.87,51011305.0,1.0,0.0,AAPL,XNAS,2023-02-22
477,254.09,254.34,250.34,251.51,22447500.0,254.34,250.34,251.51,254.09,22491056.0,1.0,0.0,MSFT,XNAS,2023-02-22
478,150.2,151.3,148.41,148.48,58772400.0,151.3,148.405,148.48,150.2,58867230.0,1.0,0.0,AAPL,XNAS,2023-02-21
479,254.48,255.49,251.59,252.67,28371400.0,255.49,251.59,252.67,254.48,28397444.0,1.0,0.0,MSFT,XNAS,2023-02-21
480,152.35,153.0,150.85,152.55,59144118.0,153.0,150.85,152.55,152.35,59144118.0,1.0,0.0,AAPL,XNAS,2023-02-17
481,259.39,260.09,256.0,258.06,30000055.0,260.09,256.0,258.06,259.39,30000055.0,1.0,0.0,MSFT,XNAS,2023-02-17
482,153.51,156.33,153.35,153.71,68031000.0,156.33,153.3475,153.71,153.51,68167942.0,1.0,0.0,AAPL,XNAS,2023-02-16
483,264.02,266.74,261.9,262.15,29603619.0,266.74,261.9,262.15,264.02,29603616.0,1.0,0.0,MSFT,XNAS,2023-02-16
484,153.11,155.5,152.88,155.33,65573800.0,155.5,152.88,155.33,153.11,65669252.0,1.0,0.0,AAPL,XNAS,2023-02-15
485,268.32,270.73,266.18,269.32,28962160.0,270.73,266.18,269.32,268.32,28962163.0,1.0,0.68,MSFT,XNAS,2023-02-15
486,152.12,153.77,150.87,153.2,61707573.0,153.77,150.86,153.2,152.12,61707573.0,1.0,0.0,AAPL,XNAS,2023-02-14
487,272.67,274.97,269.28,272.17,36998800.0,274.97,269.28,272.17,272.67,37047924.0,1.0,0.0,MSFT,XNAS,2023-02-14
488,150.952,154.26,150.92,153.85,62199013.0,154.26,150.92,153.85,150.952,62199013.0,1.0,0.0,AAPL,XNAS,2023-02-13
489,267.64,274.6,267.15,271.32,44581900.0,274.6,267.15,271.32,267.64,44630921.0,1.0,0.0,MSFT,XNAS,2023-02-13
490,149.46,151.34,149.22,151.01,57409100.0,151.3401,149.22,151.01,149.46,57450708.0,1.0,0.23,AAPL,XNAS,2023-02-10
491,261.53,264.09,260.66,263.1,25760900.0,264.09,260.662,263.1,261.53,25818489.0,1.0,0.0,MSFT,XNAS,2023-02-10
492,153.78,154.33,150.42,150.87,55921800.0,154.33,150.42,150.64,153.775,56007143.0,1.0,0.0,AAPL,XNAS,2023-02-09
493,273.8,273.98,262.8,263.62,42375102.0,273.98,262.8,263.62,273.8,42375102.0,1.0,0.0,MSFT,XNAS,2023-02-09
494,153.88,154.58,151.17,151.92,64038100.0,154.58,151.168,151.92,153.88,64120079.0,1.0,0.0,AAPL,XNAS,2023-02-08
495,273.2,276.76,266.21,266.73,54686049.0,276.76,266.21,266.73,273.2,54686049.0,1.0,0.0,MSFT,XNAS,2023-02-08
496,150.64,155.23,150.64,154.65,83206400.0,155.23,150.64,154.65,150.64,83322551.0,1.0,0.0,AAPL,XNAS,2023-02-07
497,260.53,268.775,260.08,267.56,50841365.0,268.775,260.08,267.56,260.53,50841365.0,1.0,0.0,MSFT,XNAS,2023-02-07
498,152.57,153.1,150.78,151.73,69769900.0,153.1,150.78,151.73,152.575,69858306.0,1.0,0.0,AAPL,XNAS,2023-02-06
499,257.44,258.3,254.78,256.77,22517997.0,258.3,254.78,256.77,257.44,22517997.0,1.0,0.0,MSFT,XNAS,2023-02-06
